,date,state,death,deathConfirmed,deathIncrease,deathProbable,hospitalized,hospitalizedCumulative,hospitalizedCurrently,hospitalizedIncrease,inIcuCurrently,negative,negativeIncrease,onVentilatorCurrently,positive,positiveCasesViral,positiveIncrease,positiveScore,positiveTestsViral,recovered,totalTestEncountersViralIncrease,totalTestResults,totalTestResultsIncrease,totalTestsPeopleAntibody,totalTestsPeopleViral,totalTestsPeopleViralIncrease,totalTestsViral,totalTestsViralIncrease
0,07-03-2021,MA,16417,16085,43,332,19713,19713,665,0,174,4404792,8028,116,591356,559083,1425,0,668145,508745,0,16825551,96578,156185,4963875,9309,16825551,96578
1,06-03-2021,MA,16374,16044,52,330,19713,19713,687,0,176,4396764,7826,114,589931,557802,1722,0,666605,508745,0,16728973,100359,156185,4954566,9321,16728973,100359
2,05-03-2021,MA,16322,15992,26,330,19713,19713,716,0,180,4388938,8907,109,588209,556307,1899,0,664893,508745,0,16628614,106263,156185,4945245,10584,16628614,106263
3,04-03-2021,MA,16296,15967,44,329,19713,19713,741,0,168,4380031,8554,100,586310,554630,1567,0,662972,508745,0,16522351,102362,156185,4934661,9964,16522351,102362
4,03-03-2021,MA,16252,15925,70,327,19713,19713,755,269,173,4371477,8511,109,584743,553220,1899,0,661370,494740,0,16419989,102052,154697,4924697,10064,16419989,102052
5,02-03-2021,MA,16182,15859,38,323,19444,19444,775,0,187,4362966,7609,116,582844,551667,301,0,659584,494740,0,16317937,56007,154697,4914633,7726,16317937,56007
6,01-03-2021,MA,16144,15822,26,322,19444,19444,788,0,184,4355357,6818,119,582543,551550,1395,0,659307,494740,0,16261930,53839,154697,4906907,8066,16261930,53839
7,28-02-2021,MA,16118,15796,51,322,19444,19444,760,0,183,4348539,8459,124,581148,550302,1468,0,657840,494740,0,16208091,102571,154697,4898841,9887,16208091,102571
8,27-02-2021,MA,16067,15744,43,323,19444,19444,785,0,204,4340080,8439,139,579680,548874,1700,0,656217,494740,0,16105520,108261,154697,4888954,9955,16105520,108261
9,26-02-2021,MA,16024,15703,46,321,19444,19444,807,0,211,4331641,9469,137,577980,547358,1987,0,654425,494740,0,15997259,102584,154697,4878999,11203,15997259,102584
10,25-02-2021,MA,15978,15657,33,321,19444,19444,853,0,221,4322172,11013,142,575993,545624,2108,0,652400,494740,0,15894675,118144,154697,4867796,12941,15894675,118144
11,24-02-2021,MA,15945,15624,62,321,19444,19444,875,268,219,4311159,11201,151,573885,543696,2102,0,650220,477796,0,15776531,114127,153152,4854855,12989,15776531,114127
12,23-02-2021,MA,15883,15564,30,319,19176,19176,879,0,225,4299958,7928,147,571783,541908,1237,0,648142,477796,0,15662404,62531,153152,4841866,9042,15662404,62531
13,22-02-2021,MA,15853,15534,27,319,19176,19176,888,0,229,4292030,7086,140,570546,540794,1262,0,646850,477796,0,15599873,49929,153152,4832824,8236,15599873,49929
14,21-02-2021,MA,15826,15508,47,318,19176,19176,927,0,234,4284944,8716,153,569284,539644,1520,0,645482,477796,0,15549944,87420,153152,4824588,10032,15549944,87420
15,20-02-2021,MA,15779,15462,53,317,19176,19176,970,0,246,4276228,9150,152,567764,538328,1970,0,643953,477796,0,15462524,115002,153152,4814556,10972,15462524,115002
16,19-02-2021,MA,15726,15409,40,317,19176,19176,990,0,258,4267078,8800,163,565794,536506,1818,0,641849,477796,0,15347522,106656,153152,4803584,10479,15347522,106656
17,18-02-2021,MA,15686,15373,63,313,19176,19176,1029,0,271,4258278,8646,173,563976,534827,2040,0,639875,477796,0,15240866,100002,153152,4793105,10449,15240866,100002
18,17-02-2021,MA,15623,15312,56,311,19176,19176,1088,317,273,4249632,6666,179,561936,533024,1360,0,637799,453740,0,15140864,82971,151476,4782656,7988,15140864,82971
19,16-02-2021,MA,15567,15257,50,310,18859,18859,1096,0,275,4242966,5070,177,560576,531702,1226,0,636172,453740,0,15057893,46488,151476,4774668,6037,15057893,46488
20,15-02-2021,MA,15517,15208,33,309,18859,18859,1107,0,286,4237896,8588,174,559350,530735,1573,0,634991,453740,0,15011405,62852,151476,4768631,10068,15011405,62852
21,14-02-2021,MA,15484,15176,60,308,18859,18859,1125,0,290,4229308,10250,183,557777,529255,1882,0,633210,453740,0,14948553,110894,151476,4758563,12070,14948553,110894
22,13-02-2021,MA,15424,15116,66,308,18859,18859,1149,0,291,4219058,10085,196,555895,527435,2083,0,631088,453740,0,14837659,99915,151476,4746493,12034,14837659,99915
23,12-02-2021,MA,15358,15051,89,307,18859,18859,1223,0,300,4208973,10832,180,553812,525486,2416,0,628806,453740,0,14737744,106107,151476,4734459,13060,14737744,106107
24,11-02-2021,MA,15269,14964,62,305,18859,18859,1313,0,304,4198141,10634,185,551396,523258,2450,0,626284,453740,0,14631637,110792,151476,4721399,12847,14631637,110792
25,10-02-2021,MA,15207,14903,83,304,18859,18859,1358,457,309,4187507,9337,183,548946,521045,2050,0,623666,425717,0,14520845,100271,149467,4708552,11257,14520845,100271
26,09-02-2021,MA,15124,14821,70,303,18402,18402,1401,0,324,4178170,5916,191,546896,519125,1593,0,621401,425717,0,14420574,52112,149467,4697295,7235,14420574,52112
27,08-02-2021,MA,15054,14753,55,301,18402,18402,1387,0,329,4172254,5777,188,545303,517806,1369,0,619858,425717,0,14368462,42946,149467,4690060,7053,14368462,42946
28,07-02-2021,MA,14999,14698,78,301,18402,18402,1389,0,318,4166477,12364,191,543934,516530,3107,0,618310,425717,0,14325516,113095,149467,4683007,15368,14325516,113095
29,06-02-2021,MA,14921,14622,62,299,18402,18402,1451,0,310,4154113,11850,189,540827,513526,3619,0,614847,425717,0,14212421,129509,149467,4667639,15228,14212421,129509
30,05-02-2021,MA,14859,14563,75,296,18402,18402,1503,0,322,4142263,12608,196,537208,510148,3287,0,610865,425717,0,14082912,127468,149467,4652411,15590,14082912,127468
31,04-02-2021,MA,14784,14489,76,295,18402,18402,1554,0,335,4129655,8753,208,533921,507166,2804,0,607390,425717,0,13955444,81286,149467,4636821,11355,13955444,81286
32,03-02-2021,MA,14708,14415,56,293,18402,18402,1635,394,335,4120902,9229,203,531117,504564,2455,0,604434,389717,0,13874158,91693,147875,4625466,11415,13874158,91693
33,02-02-2021,MA,14652,14362,45,290,18008,18008,1631,0,353,4111673,8264,224,528662,502378,2239,0,601762,389717,0,13782465,61265,147875,4614051,10227,13782465,61265
34,01-02-2021,MA,14607,14317,30,290,18008,18008,1676,0,373,4103409,11221,222,526423,500415,2398,0,599434,389717,0,13721200,88302,147875,4603824,13491,13721200,88302
35,31-01-2021,MA,14577,14287,46,290,18008,18008,1676,0,371,4092188,11888,231,524025,498145,2665,0,596510,389717,0,13632898,93918,147875,4590333,14434,13632898,93918
36,30-01-2021,MA,14531,14241,87,290,18008,18008,1739,0,393,4080300,16445,239,521360,495599,4108,0,593486,389717,0,13538980,143342,147875,4575899,20402,13538980,143342
37,29-01-2021,MA,14444,14154,96,290,18008,18008,1789,0,412,4063855,11705,248,517252,491642,3118,0,588725,389717,0,13395638,86197,147875,4555497,14486,13395638,86197
38,28-01-2021,MA,14348,14056,44,292,18008,18008,1878,0,442,4052150,15398,255,514134,488861,4631,0,585540,389717,0,13309441,116963,147875,4541011,19620,13309441,116963
39,27-01-2021,MA,14304,14013,84,291,18008,18008,1930,452,418,4036752,12377,270,509503,484639,3320,0,580673,354388,0,13192478,96203,145958,4521391,15399,13192478,96203
40,26-01-2021,MA,14220,13930,42,290,17556,17556,1951,0,431,4024375,9327,278,506183,481617,2495,0,576989,354388,0,13096275,49701,145958,4505992,11542,13096275,49701
41,25-01-2021,MA,14178,13889,45,289,17556,17556,1955,0,418,4015048,12888,285,503688,479402,3651,0,574385,354388,0,13046574,78650,145958,4494450,16365,13046574,78650
42,24-01-2021,MA,14133,13844,69,289,17556,17556,1946,0,409,4002160,14051,286,500037,475925,3944,0,570238,354388,0,12967924,101327,145958,4478085,17801,12967924,101327
43,23-01-2021,MA,14064,13777,77,287,17556,17556,2055,0,418,3988109,15036,291,496093,472175,4641,0,565771,354388,0,12866597,112391,145958,4460284,19366,12866597,112391
44,22-01-2021,MA,13987,13702,81,285,17556,17556,2098,0,426,3973073,16846,282,491452,467845,5272,0,560724,354388,0,12754206,105768,145958,4440918,21781,12754206,105768
45,21-01-2021,MA,13906,13622,77,284,17556,17556,2152,0,430,3956227,16064,287,486180,462910,5140,0,555016,324203,0,12648438,111726,143396,4419137,20885,12648438,111726
46,20-01-2021,MA,13829,13547,80,282,17556,17556,2209,447,444,3940163,12926,299,481040,458089,4514,0,549371,324203,0,12536712,82567,143396,4398252,16913,12536712,82567
47,19-01-2021,MA,13749,13469,44,280,17109,17109,2213,0,432,3927237,10908,277,476526,454102,3085,0,544670,324203,0,12454145,55565,143396,4381339,13475,12454145,55565
48,18-01-2021,MA,13705,13424,53,281,17109,17109,2206,0,427,3916329,10804,288,473441,451535,3301,0,541576,324203,0,12398580,49917,143396,4367864,14028,12398580,49917
49,17-01-2021,MA,13652,13372,69,280,17109,17109,2165,0,433,3905525,15477,288,470140,448311,4414,0,537842,324203,0,12348663,89177,143396,4353836,19760,12348663,89177
50,16-01-2021,MA,13583,13305,74,278,17109,17109,2197,0,433,3890048,19397,294,465726,444028,5799,0,532622,324203,0,12259486,112120,143396,4334076,25054,12259486,112120
51,15-01-2021,MA,13509,13231,76,278,17109,17109,2201,0,451,3870651,16536,293,459927,438371,5525,0,526114,324203,0,12147366,100968,143396,4309022,21610,12147366,100968
52,14-01-2021,MA,13433,13156,74,277,17109,17109,2226,0,454,3854115,16498,294,454402,433297,5955,0,520263,324203,0,12046398,101413,143396,4287412,22043,12046398,101413
53,13-01-2021,MA,13359,13082,86,277,17109,17109,2200,506,461,3837617,15517,286,448447,427752,5918,0,513918,293522,0,11944985,100276,141687,4265369,20795,11944985,100276
54,12-01-2021,MA,13273,12996,67,277,16603,16603,2219,0,451,3822100,14061,271,442529,422474,5487,0,507881,293522,0,11844709,69982,141687,4244574,18967,11844709,69982
55,11-01-2021,MA,13206,12929,55,277,16603,16603,2211,0,451,3808039,12662,285,437042,417568,4251,0,502356,293522,0,11774727,57414,141687,4225607,16901,11774727,57414
56,10-01-2021,MA,13151,12875,77,276,16603,16603,2225,0,459,3795377,14857,282,432791,413329,5656,0,497572,293522,0,11717313,81754,141687,4208706,20253,11717313,81754
57,09-01-2021,MA,13074,12798,89,276,16603,16603,2291,0,445,3780520,18180,280,427135,407933,7414,0,491419,293522,0,11635559,109793,141687,4188453,25290,11635559,109793
58,08-01-2021,MA,12985,12708,76,277,16603,16603,2311,0,440,3762340,18874,280,419721,400823,8120,0,483506,293522,0,11525766,108569,141687,4163163,26509,11525766,108569
59,07-01-2021,MA,12909,12634,73,275,16603,16603,2386,505,455,3743466,18088,277,411601,393188,7548,0,474982,293522,0,11417197,108412,141687,4136654,25224,11417197,108412
60,06-01-2021,MA,12836,12563,102,273,16098,16098,2416,0,442,3725378,15039,281,404053,386052,6851,0,467138,261672,0,11308785,102573,140254,4111430,21458,11308785,102573
61,05-01-2021,MA,12734,12464,63,270,16098,16098,2428,0,425,3710339,11590,264,397202,379633,4634,0,459850,261672,0,11206212,59718,140254,4089972,15768,11206212,59718
62,04-01-2021,MA,12671,12401,61,270,16098,16098,2339,0,423,3698749,10838,258,392568,375455,4906,0,455201,261672,0,11146494,55570,140254,4074204,15196,11146494,55570
63,03-01-2021,MA,12610,12341,108,269,16098,16098,2291,0,416,3687911,8542,258,387662,371097,3481,0,450251,261672,0,11090924,44831,140254,4059008,11652,11090924,44831
64,02-01-2021,MA,12502,12236,79,266,16098,16098,2280,0,412,3679369,21204,246,384181,367987,9003,0,446675,261672,0,11046093,101394,140254,4047356,29746,11046093,101394
65,01-01-2021,MA,12423,12157,0,266,16098,16098,2271,0,417,3658165,0,240,375178,359445,0,0,437155,261672,0,10944699,0,140254,4017610,0,10944699,0
66,31-12-2020,MA,12423,12157,85,266,16098,16098,2271,193,417,3658165,17397,240,375178,359445,7260,0,437155,261672,0,10944699,95827,140254,4017610,24284,10944699,95827
67,30-12-2020,MA,12338,12076,120,262,15905,15905,2257,0,433,3640768,15115,231,367918,352558,6839,0,429346,229910,0,10848872,86050,139022,3993326,21250,10848872,86050
68,29-12-2020,MA,12218,11958,60,260,15905,15905,2259,0,431,3625653,10993,225,361079,346423,4145,0,422263,229910,0,10762822,49229,139022,3972076,14652,10762822,49229
69,28-12-2020,MA,12158,11900,48,258,15905,15905,2230,0,430,3614660,10932,234,356934,342764,4198,0,418051,229910,0,10713593,49772,139022,3957424,14992,10713593,49772
70,27-12-2020,MA,12110,11852,100,258,15905,15905,2156,0,416,3603728,8646,230,352736,338704,3134,0,413307,229910,0,10663821,41331,139022,3942432,11619,10663821,41331
71,26-12-2020,MA,12010,11752,47,258,15905,15905,2077,0,416,3595082,22818,232,349602,335731,7677,0,409908,229910,0,10622490,108445,139022,3930813,30242,10622490,108445
72,25-12-2020,MA,11963,11706,0,257,15905,15905,2095,0,409,3572264,0,232,341925,328307,0,0,401647,229910,0,10514045,0,139022,3900571,0,10514045,0
73,24-12-2020,MA,11963,11706,76,257,15905,15905,2095,533,409,3572264,23429,232,341925,328307,5937,0,401647,229910,0,10514045,114476,139022,3900571,29084,10514045,114476
74,23-12-2020,MA,11887,11630,83,257,15372,15372,2066,0,409,3548835,18551,226,335988,322652,4814,0,395232,206843,0,10399569,97655,137188,3871487,23060,10399569,97655
75,22-12-2020,MA,11804,11549,45,255,15372,15372,2004,0,412,3530284,14749,233,331174,318143,3800,0,389326,206843,0,10301914,62078,137188,3848427,18042,10301914,62078
76,21-12-2020,MA,11759,11506,42,253,15372,15372,1991,0,410,3515535,15289,215,327374,314850,3843,0,385357,206843,0,10239836,61067,137188,3830385,19049,10239836,61067
77,20-12-2020,MA,11717,11465,60,252,15372,15372,1919,0,387,3500246,16755,205,323531,311090,4261,0,380769,206843,0,10178769,90789,137188,3811336,20917,10178769,90789
78,19-12-2020,MA,11657,11405,47,252,15372,15372,1927,0,383,3483491,13307,196,319270,306928,4344,0,375857,206843,0,10087980,80214,137188,3790419,17302,10087980,80214
79,18-12-2020,MA,11610,11358,52,252,15372,15372,1874,0,370,3470184,26296,204,314926,302933,5679,0,371377,206843,0,10007766,106034,137188,3773117,31928,10007766,106034
80,17-12-2020,MA,11558,11305,45,253,15372,15372,1871,549,383,3443888,19121,207,309247,297301,5135,0,364785,206843,0,9901732,92627,137188,3741189,24106,9901732,92627
81,16-12-2020,MA,11513,11261,70,252,14823,14823,1851,0,382,3424767,22774,205,304112,292316,5952,0,358906,187221,0,9809105,124172,135208,3717083,28224,9809105,124172
82,15-12-2020,MA,11443,11190,55,253,14823,14823,1834,0,371,3401993,15615,200,298160,286866,3929,0,352414,187221,0,9684933,61236,135208,3688859,19335,9684933,61236
83,14-12-2020,MA,11388,11135,39,253,14823,14823,1788,0,354,3386378,13604,186,294231,283146,3653,0,348122,187221,0,9623697,56122,135208,3669524,17176,9623697,56122
84,13-12-2020,MA,11349,11098,42,251,14823,14823,1707,0,342,3372774,17751,178,290578,279574,4853,0,343992,187221,0,9567575,90256,135208,3652348,22428,9567575,90256
85,12-12-2020,MA,11307,11057,50,250,14823,14823,1670,0,334,3355023,18691,170,285725,274897,5289,0,338478,187221,0,9477319,99719,135208,3629920,23659,9477319,99719
86,11-12-2020,MA,11257,11010,48,247,14823,14823,1605,0,309,3336332,20945,165,280436,269929,5655,0,332659,187221,0,9377600,99181,135208,3606261,26420,9377600,99181
87,10-12-2020,MA,11209,10963,43,246,14823,14823,1607,426,307,3315387,18354,168,274781,264454,5369,0,326430,187221,0,9278419,97353,135208,3579841,23484,9278419,97353
88,09-12-2020,MA,11166,10922,90,244,14397,14397,1576,0,308,3297033,20316,162,269412,259324,5965,0,320562,169809,0,9181066,109009,133429,3556357,25991,9181066,109009
89,08-12-2020,MA,11076,10833,41,243,14397,14397,1552,0,310,3276717,14946,166,263447,253649,4122,0,313988,169809,0,9072057,58501,133429,3530366,18573,9072057,58501
90,07-12-2020,MA,11035,10793,31,242,14397,14397,1516,0,302,3261771,11043,153,259325,250022,2481,0,309976,169809,0,9013556,43304,133429,3511793,13506,9013556,43304
91,06-12-2020,MA,11004,10763,51,241,14397,14397,1416,0,298,3250728,19821,139,256844,247559,4827,0,307148,169809,0,8970252,89439,133429,3498287,24568,8970252,89439
92,05-12-2020,MA,10953,10715,43,238,14397,14397,1428,0,283,3230907,22950,138,252017,242812,5619,0,301751,169809,0,8880813,106116,133429,3473719,28306,8880813,106116
93,04-12-2020,MA,10910,10674,36,236,14397,14397,1394,0,278,3207957,21018,134,246398,237456,5491,0,295839,169809,0,8774697,96701,133429,3445413,26210,8774697,96701
94,03-12-2020,MA,10874,10637,50,237,14397,14397,1324,258,261,3186939,25748,137,240907,232264,6675,0,289972,169809,0,8677996,111734,133429,3419203,32225,8677996,111734
95,02-12-2020,MA,10824,10588,46,236,14139,14139,1259,0,264,3161191,18695,126,234232,225787,5027,0,282607,155473,0,8566262,105845,132492,3386978,23308,8566262,105845
96,01-12-2020,MA,10778,10542,30,236,14139,14139,1191,0,239,3142496,15282,130,229205,221174,3073,0,277245,155473,0,8460417,59833,132492,3363670,18127,8460417,59833
97,30-11-2020,MA,10748,10512,26,236,14139,14139,1174,0,244,3127214,6491,126,226132,218329,1168,0,274046,155473,0,8400584,29194,132492,3345543,7657,8400584,29194
98,29-11-2020,MA,10722,10487,46,235,14139,14139,1081,0,238,3120723,15758,110,224964,217163,2495,0,272685,155473,0,8371390,48685,132492,3337886,18259,8371390,48685
99,28-11-2020,MA,10676,10441,41,235,14139,14139,1045,0,225,3104965,15037,111,222469,214662,3217,0,269851,155473,0,8322705,72269,132492,3319627,17951,8322705,72269
100,27-11-2020,MA,10635,10401,31,234,14139,14139,986,322,209,3089928,29113,109,219252,211748,4658,0,266566,155473,0,8250436,119742,132492,3301676,33577,8250436,119742
101,26-11-2020,MA,10604,10372,0,232,13817,13817,942,0,208,3060815,0,108,214594,207284,0,0,261393,145682,0,8130694,0,130696,3268099,0,8130694,0
102,25-11-2020,MA,10604,10372,53,232,13817,13817,942,0,208,3060815,26441,108,214594,207284,3395,0,261393,145682,0,8130694,129833,130696,3268099,29665,8130694,129833
103,24-11-2020,MA,10551,10319,20,232,13817,13817,954,0,205,3034374,20409,99,211199,204060,2576,0,257495,145682,0,8000861,80819,130696,3238434,22634,8000861,80819
104,23-11-2020,MA,10531,10299,19,232,13817,13817,922,0,204,3013965,13760,91,208623,201835,1773,0,254878,145682,0,7920042,52280,130696,3215800,15545,7920042,52280
105,22-11-2020,MA,10512,10281,24,231,13817,13817,893,0,192,3000205,23189,88,206850,200050,2695,0,252791,145682,0,7867762,110280,130696,3200255,25910,7867762,110280
106,21-11-2020,MA,10488,10257,19,231,13817,13817,891,0,187,2977016,29568,85,204155,197329,3206,0,249489,145682,0,7757482,109239,130696,3174345,32559,7757482,109239
107,20-11-2020,MA,10469,10238,34,231,13817,13817,904,0,179,2947448,22590,75,200949,194338,2399,0,245981,145682,0,7648243,71269,130696,3141786,24878,7648243,71269
108,19-11-2020,MA,10435,10204,28,231,13817,13817,917,229,181,2924858,19418,75,198550,192050,2682,0,243281,145682,0,7576974,92139,130696,3116908,21950,7576974,92139
109,18-11-2020,MA,10407,10177,47,230,13588,13588,885,0,173,2905440,20318,72,195868,189518,2904,0,240381,137422,0,7484835,97636,129352,3094958,23062,7484835,97636
110,17-11-2020,MA,10360,10130,20,230,13588,13588,835,0,159,2885122,15480,73,192964,186774,2525,0,237174,137422,0,7387199,65468,129352,3071896,17743,7387199,65468
111,16-11-2020,MA,10340,10110,11,230,13588,13588,781,0,159,2869642,14993,74,190439,184511,2164,0,234611,137422,0,7321731,53265,129352,3054153,16960,7321731,53265
112,15-11-2020,MA,10329,10098,36,231,13588,13588,737,0,159,2854649,16064,70,188275,182544,2133,0,232360,137422,0,7268466,71371,129352,3037193,18140,7268466,71371
113,14-11-2020,MA,10293,10065,28,228,13588,13588,705,0,151,2838585,24951,71,186142,180468,3047,0,229868,137422,0,7197095,111066,129352,3019053,27792,7197095,111066
114,13-11-2020,MA,10265,10038,23,227,13588,13588,687,0,153,2813634,19212,71,183095,177627,2906,0,226622,137422,0,7086029,81305,129352,2991261,21886,7086029,81305
115,12-11-2020,MA,10242,10015,20,227,13588,13588,661,215,151,2794422,19249,68,180189,174953,2648,0,223573,137422,0,7004724,98075,128053,2969375,21731,7004724,98075
116,11-11-2020,MA,10222,9994,38,228,13373,13373,659,0,152,2775173,17957,72,177541,172471,2660,0,220852,131646,0,6906649,80321,128053,2947644,20452,6906649,80321
117,10-11-2020,MA,10184,9957,21,227,13373,13373,618,0,150,2757216,13697,68,174881,169976,2154,0,217992,131646,0,6826328,58341,128053,2927192,15744,6826328,58341
118,09-11-2020,MA,10163,9936,14,227,13373,13373,588,0,143,2743519,12998,66,172727,167929,1328,0,215662,131646,0,6767987,47461,128053,2911448,14182,6767987,47461
119,08-11-2020,MA,10149,9923,20,226,13373,13373,568,0,144,2730521,18330,62,171399,166745,1823,0,214280,131646,0,6720526,80572,128053,2897266,20139,6720526,80572
120,07-11-2020,MA,10129,9903,23,226,13373,13373,535,0,127,2712191,21606,60,169576,164936,2302,0,212158,131646,0,6639954,92286,128053,2877127,23806,6639954,92286
121,06-11-2020,MA,10106,9880,21,226,13373,13373,513,0,118,2690585,18652,57,167274,162736,2113,0,209659,131646,0,6547668,86357,128053,2853321,20690,6547668,86357
122,05-11-2020,MA,10085,9859,23,226,13373,13373,498,74,115,2671933,22693,56,165161,160698,1862,0,207306,131646,0,6461311,86359,127372,2832631,24454,6461311,86359
123,04-11-2020,MA,10062,9836,27,226,13299,13299,502,0,109,2649240,20388,55,163299,158937,1714,0,205314,127054,0,6374952,103066,127372,2808177,22017,6374952,103066
124,03-11-2020,MA,10035,9809,12,226,13299,13299,485,0,96,2628852,13154,51,161585,157308,1036,0,203311,127054,0,6271886,54843,127372,2786160,14077,6271886,54843
125,02-11-2020,MA,10023,9797,10,226,13299,13299,469,0,96,2615698,13311,50,160549,156385,842,0,202224,127054,0,6217043,51419,127372,2772083,14036,6217043,51419
126,01-11-2020,MA,10013,9788,22,225,13299,13299,613,13,113,2602387,15585,55,159707,155660,1131,0,201330,127054,0,6165624,62463,127372,2758047,16724,6165624,62463
127,31-10-2020,MA,9991,9766,16,225,13286,13286,623,33,118,2586802,16830,53,158576,154521,1430,0,199991,127054,0,6103161,93234,127219,2741323,18122,6103161,93234
128,30-10-2020,MA,9975,9750,24,225,13253,13253,571,18,106,2569972,18760,47,157146,153229,1582,0,198485,127054,0,6009927,78604,127016,2723201,20248,6009927,78604
129,29-10-2020,MA,9951,9727,27,224,13235,13235,561,22,99,2551212,17090,49,155564,151741,1346,0,196751,127054,0,5931323,65752,126754,2702953,18333,5931323,65752
130,28-10-2020,MA,9924,9700,36,224,13213,13213,582,53,106,2534122,17508,49,154218,150498,1181,0,195310,122856,0,5865571,84340,126476,2684620,18645,5865571,84340
131,27-10-2020,MA,9888,9664,7,224,13160,13160,567,0,109,2516614,12702,47,153037,149361,1260,0,193911,122856,0,5781231,57358,126155,2665975,13727,5781231,57358
132,26-10-2020,MA,9881,9657,17,224,13160,13160,550,18,105,2503912,18870,43,151777,148336,1212,0,192778,122856,0,5723873,55858,125973,2652248,20086,5723873,55858
133,25-10-2020,MA,9864,9640,25,224,13142,13142,538,16,109,2485042,15923,45,150565,147120,1077,0,191267,122856,0,5668015,82846,125829,2632162,17020,5668015,82846
134,24-10-2020,MA,9839,9616,9,223,13126,13126,551,20,114,2469119,18040,45,149488,146023,1203,0,189918,122856,0,5585169,70021,125639,2615142,19168,5585169,70021
135,23-10-2020,MA,9830,9608,20,222,13106,13106,570,24,125,2451079,14793,43,148285,144895,1070,0,188566,122856,0,5515148,74082,125399,2595974,15761,5515148,74082
136,22-10-2020,MA,9810,9589,30,221,13082,13082,521,26,103,2436286,16980,38,147215,143927,1049,0,187420,122856,0,5441066,74672,125118,2580213,17966,5441066,74672
137,21-10-2020,MA,9780,9559,22,221,13056,13056,519,35,91,2419306,12076,36,146166,142941,702,0,186257,118892,0,5366394,60353,124834,2562247,12722,5366394,60353
138,20-10-2020,MA,9758,9537,5,221,13021,13021,517,12,94,2407230,16417,35,145464,142295,976,0,185451,118892,0,5306041,66390,124711,2549525,17238,5306041,66390
139,19-10-2020,MA,9753,9532,16,221,13009,13009,500,8,86,2390813,16827,33,144488,141474,828,0,184514,118892,0,5239651,70708,124340,2532287,17654,5239651,70708
140,18-10-2020,MA,9737,9517,14,220,13001,13001,483,11,83,2373986,14844,32,143660,140647,730,0,183400,118892,0,5168943,80146,124154,2514633,15588,5168943,80146
141,17-10-2020,MA,9723,9503,21,220,12990,12990,500,19,88,2359142,11845,36,142930,139903,584,0,182472,118892,0,5088797,75834,123968,2499045,12395,5088797,75834
142,16-10-2020,MA,9702,9482,30,220,12971,12971,513,25,77,2347297,14260,33,142346,139353,767,0,181769,118892,0,5012963,57641,123893,2486650,14962,5012963,57641
143,15-10-2020,MA,9672,9452,25,220,12946,12946,503,13,92,2333037,14169,34,141579,138651,587,0,180913,118892,0,4955322,59123,123572,2471688,14737,4955322,59123
144,14-10-2020,MA,9647,9429,17,218,12933,12933,499,34,88,2318868,12539,28,140992,138083,580,0,180226,118892,0,4896199,38684,123336,2456951,13057,4896199,38684
145,13-10-2020,MA,9630,9413,13,217,12899,12899,514,17,87,2306329,13112,27,140412,137565,749,0,179559,116364,0,4857515,42116,123089,2443894,13744,4857515,42116
146,12-10-2020,MA,9617,9401,13,216,12882,12882,501,11,82,2293217,18036,32,139663,136933,760,0,178806,116364,0,4815399,67395,122982,2430150,18801,4815399,67395
147,11-10-2020,MA,9604,9388,17,216,12871,12871,511,10,85,2275181,15227,29,138903,136168,563,0,177860,116364,0,4748004,77246,122843,2411349,15797,4748004,77246
148,10-10-2020,MA,9587,9372,10,215,12861,12861,531,15,86,2259954,14573,28,138340,135598,639,0,177148,116364,0,4670758,69324,122655,2395552,15160,4670758,69324
149,09-10-2020,MA,9577,9362,12,215,12846,12846,500,16,88,2245381,18833,28,137701,135011,765,0,176443,116364,0,4601434,59918,122441,2380392,19567,4601434,59918
150,08-10-2020,MA,9565,9350,8,215,12830,12830,484,23,85,2226548,13626,23,136936,134277,444,0,175537,116364,0,4541516,63385,122087,2360825,14035,4541516,63385
151,07-10-2020,MA,9557,9342,19,215,12807,12807,515,32,83,2212922,15625,34,136492,133868,535,0,175047,116364,0,4478131,61703,121906,2346790,16134,4478131,61703
152,06-10-2020,MA,9538,9323,8,215,12775,12775,494,20,85,2197297,12331,31,135957,133359,495,0,174382,113768,0,4416428,45378,121620,2330656,12785,4416428,45378
153,05-10-2020,MA,9530,9315,20,215,12755,12755,473,6,88,2184966,10800,33,135462,132905,515,0,173830,113768,0,4371050,36549,121464,2317871,11265,4371050,36549
154,04-10-2020,MA,9510,9295,3,215,12749,12749,438,4,83,2174166,18355,27,134947,132440,644,0,173288,113768,0,4334501,68715,121397,2306606,18981,4334501,68715
155,03-10-2020,MA,9507,9292,17,215,12745,12745,416,12,75,2155811,13213,27,134303,131814,672,0,172557,113768,0,4265786,65768,121078,2287625,13813,4265786,65768
156,02-10-2020,MA,9490,9275,10,215,12733,12733,421,18,79,2142598,20698,34,133631,131214,761,0,171892,113768,0,4200018,74914,120977,2273812,21451,4200018,74914
157,01-10-2020,MA,9480,9265,24,215,12715,12715,436,29,84,2121900,17451,32,132870,130461,754,0,170958,113768,0,4125104,74487,120585,2252361,18159,4125104,74487
158,30-09-2020,MA,9456,9242,33,214,12686,12686,438,19,89,2104449,13894,29,132116,129753,532,0,170156,113768,0,4050617,62393,120418,2234202,14404,4050617,62393
159,29-09-2020,MA,9423,9210,8,213,12667,12667,444,19,107,2090555,13674,27,131584,129243,512,0,169522,111479,0,3988224,57005,120133,2219798,14124,3988224,57005
160,28-09-2020,MA,9415,9202,11,213,12648,12648,418,3,85,2076881,12682,31,131072,128793,430,0,168973,111479,0,3931219,49373,119987,2205674,13049,3931219,49373
161,27-09-2020,MA,9404,9191,13,213,12645,12645,408,8,79,2064199,17471,27,130642,128426,592,0,168544,111479,0,3881846,101826,119935,2192625,18065,3881846,101826
162,26-09-2020,MA,9391,9178,18,213,12637,12637,354,18,77,2046728,13795,28,130050,127832,569,0,167823,111479,0,3780020,73292,119693,2174560,14310,3780020,73292
163,25-09-2020,MA,9373,9160,11,213,12619,12619,389,13,78,2032933,15400,31,129481,127317,488,0,167221,111479,0,3706728,64012,119449,2160250,15854,3706728,64012
164,24-09-2020,MA,9362,9150,15,212,12606,12606,375,14,75,2017533,18101,29,128993,126863,481,0,166664,111479,0,3642716,85168,119164,2144396,18556,3642716,85168
165,23-09-2020,MA,9347,9135,19,212,12592,12592,361,21,71,1999432,20120,26,128512,126408,543,0,166112,111479,0,3557548,80869,118843,2125840,20662,3557548,80869
166,22-09-2020,MA,9328,9118,11,210,12571,12571,371,18,67,1979312,8992,27,127969,125866,173,0,165412,109397,0,3476679,40518,118447,2105178,9135,3476679,40518
167,21-09-2020,MA,9317,9107,7,210,12553,12553,367,8,69,1970320,10579,31,127796,125723,256,0,165228,109397,0,3436161,36649,118364,2096043,10823,3436161,36649
168,20-09-2020,MA,9310,9100,15,210,12545,12545,364,8,61,1959741,17059,34,127540,125479,359,0,164924,109397,0,3399512,62220,118289,2085220,17399,3399512,62220
169,19-09-2020,MA,9295,9085,26,210,12537,12537,362,23,65,1942682,20729,28,127181,125139,599,0,164504,109397,0,3337292,72419,118069,2067821,21298,3337292,72419
170,18-09-2020,MA,9269,9059,9,210,12514,12514,338,18,62,1921953,21786,25,126582,124570,454,0,163794,109397,0,3264873,65310,117770,2046523,22217,3264873,65310
171,17-09-2020,MA,9260,9051,15,209,12496,12496,377,18,64,1900167,27225,26,126128,124139,429,0,163227,109397,0,3199563,67849,117453,2024306,27644,3199563,67849
172,16-09-2020,MA,9245,9036,20,209,12478,12478,352,16,66,1872942,16337,24,125699,123720,306,0,162714,109397,0,3131714,55902,117107,1996662,16632,3131714,55902
173,15-09-2020,MA,9225,9016,6,209,12462,12462,310,20,52,1856605,11510,23,125393,123425,313,0,162343,107501,0,3075812,37187,116752,1980030,11796,3075812,37187
174,14-09-2020,MA,9219,9010,9,209,12442,12442,302,11,63,1845095,11966,17,125080,123139,254,0,161982,107501,0,3038625,32467,116598,1968234,12201,3038625,32467
175,13-09-2020,MA,9210,9001,14,209,12431,12431,313,5,61,1833129,11835,21,124826,122904,286,0,161677,107501,0,3006158,37435,116531,1956033,12102,3006158,37435
176,12-09-2020,MA,9196,8987,16,209,12426,12426,331,15,64,1821294,17878,25,124540,122637,554,0,161336,107501,0,2968723,63370,116242,1943931,18313,2968723,63370
177,11-09-2020,MA,9180,8971,14,209,12411,12411,330,10,60,1803416,18963,22,123986,122202,440,0,160811,107501,0,2905353,52803,115893,1925618,19406,2905353,52803
178,10-09-2020,MA,9166,8957,20,209,12401,12401,355,14,59,1784453,17526,21,123546,121759,403,0,160263,107501,0,2852550,53965,115578,1906212,17889,2852550,53965
179,09-09-2020,MA,9146,8937,5,209,12387,12387,338,19,49,1766927,11168,21,123143,121396,181,0,159836,107501,0,2798585,40201,115319,1888323,11350,2798585,40201
180,08-09-2020,MA,9141,8933,8,208,12368,12368,328,11,47,1755759,9271,24,122962,121214,171,0,159560,105769,0,2758384,30231,115057,1876973,9439,2758384,30231
181,07-09-2020,MA,9133,8925,8,208,12357,12357,322,7,56,1746488,9648,20,122791,121046,229,0,159337,105769,0,2728153,23641,115013,1867534,9870,2728153,23641
182,06-09-2020,MA,9125,8917,9,208,12350,12350,312,3,52,1736840,17361,22,122562,120824,366,0,159076,105769,0,2704512,44050,114941,1857664,17731,2704512,44050
183,05-09-2020,MA,9116,8907,16,209,12347,12347,325,12,48,1719479,20373,25,122196,120454,438,0,158624,105769,0,2660462,60150,114635,1839933,20789,2660462,60150
184,04-09-2020,MA,9100,8892,23,208,12335,12335,333,10,60,1699106,17340,26,121758,120038,212,0,158114,105769,0,2600312,39443,114277,1819144,17559,2600312,39443
185,03-09-2020,MA,9077,8870,17,207,12325,12325,312,30,61,1681766,31191,28,121546,119819,415,0,157684,105769,0,2560869,82387,114108,1801585,31584,2560869,82387
186,02-09-2020,MA,9060,8853,-4,207,12295,12295,308,-91,58,1650575,15291,29,121131,119426,-7757,0,157208,103920,0,2478482,30141,113667,1770001,15579,2478482,30141
187,01-09-2020,MA,9064,8831,4,232,12386,12386,320,22,55,1635284,21300,29,128888,119138,355,0,156836,103920,0,2448341,43915,112996,1754422,21654,2448341,43915
188,31-08-2020,MA,9060,8827,11,232,12364,12364,314,3,56,1613984,18439,22,128533,118784,304,0,156404,103920,0,2404426,31862,112727,1732768,18740,2404426,31862
189,30-08-2020,MA,9049,8816,13,232,12361,12361,290,3,62,1595545,16420,25,128229,118483,199,0,156076,103920,0,2372564,32895,112603,1714028,16594,2372564,32895
190,29-08-2020,MA,9036,8803,13,232,12358,12358,305,24,62,1579125,23461,26,128030,118309,446,0,155842,103920,0,2339669,48917,112464,1697434,23882,2339669,48917
191,28-08-2020,MA,9023,8791,16,232,12334,12334,312,16,60,1555664,23278,26,127584,117888,460,0,155347,103920,0,2290752,44126,111578,1673552,23716,2290752,44126
192,27-08-2020,MA,9007,8775,20,232,12318,12318,333,19,61,1532386,24975,29,127124,117450,368,0,154839,103920,0,2246626,52284,111148,1649836,25340,2246626,52284
193,26-08-2020,MA,8987,8755,27,232,12299,12299,356,20,68,1507411,19429,29,126756,117085,336,0,154356,103920,0,2194342,36478,110379,1624496,19744,2194342,36478
194,25-08-2020,MA,8960,8729,12,231,12279,12279,327,11,61,1487982,22425,28,126420,116770,398,0,153951,102205,0,2157864,34873,109535,1604752,22774,2157864,34873
195,24-08-2020,MA,8948,8717,27,231,12268,12268,308,12,62,1465557,37244,26,126022,116421,662,0,153528,102205,0,2122991,58462,109138,1581978,37815,2122991,58462
196,23-08-2020,MA,8921,8690,0,231,12256,12256,315,0,50,1428313,0,20,125360,115850,0,0,152852,102205,0,2064529,0,108343,1544163,0,2064529,0
197,22-08-2020,MA,8921,8690,20,231,12256,12256,315,11,50,1428313,8192,20,125360,115850,144,0,152852,102205,0,2064529,13658,108343,1544163,8301,2064529,13658
198,21-08-2020,MA,8901,8670,13,231,12245,12245,322,20,66,1420121,26327,15,125216,115741,488,0,152702,102205,0,2050871,41809,108011,1535862,26758,2050871,41809
199,20-08-2020,MA,8888,8657,12,231,12225,12225,379,12,62,1393794,21569,23,124728,115310,313,0,152204,102205,0,2009062,34144,107203,1509104,21831,2009062,34144
200,19-08-2020,MA,8876,8645,37,231,12213,12213,365,21,66,1372225,19246,27,124415,115048,827,0,151869,102205,0,1974918,28401,106540,1487273,19508,1974918,28401
201,18-08-2020,MA,8839,8617,6,222,12192,12192,374,14,66,1352979,11478,23,123588,114786,175,0,151543,100486,0,1946517,16626,105874,1467765,11653,1946517,16626
202,17-08-2020,MA,8833,8611,4,222,12178,12178,367,5,59,1341501,14733,22,123413,114611,213,0,151327,100486,0,1929891,21416,105540,1456112,14946,1929891,21416
203,16-08-2020,MA,8829,8607,11,222,12173,12173,372,3,65,1326768,15164,28,123200,114398,303,0,151061,100486,0,1908475,22176,105287,1441166,15467,1908475,22176
204,15-08-2020,MA,8818,8596,14,222,12170,12170,375,20,65,1311604,22603,27,122897,114095,366,0,150687,100486,0,1886299,33267,104872,1425699,22969,1886299,33267
205,14-08-2020,MA,8804,8582,14,222,12150,12150,398,19,58,1289001,21340,31,122531,113729,212,0,150223,100486,0,1853032,32001,104191,1402730,21552,1853032,32001
206,13-08-2020,MA,8790,8568,21,222,12131,12131,401,22,61,1267661,27560,26,122319,113517,319,0,149968,100486,0,1821031,39483,103573,1381178,27879,1821031,39483
207,12-08-2020,MA,8769,8547,18,222,12109,12109,422,20,64,1240101,15464,33,122000,113198,293,0,149570,100486,0,1781548,28,102782,1353299,15693,1781548,28
208,11-08-2020,MA,8751,8529,10,222,12089,12089,387,27,70,1224637,14676,33,121707,112969,392,0,149568,99021,0,1781520,3418,102208,1337606,14972,1781520,3418
209,10-08-2020,MA,8741,8519,6,222,12062,12062,380,8,60,1209961,11062,25,121315,112673,275,0,149527,99021,0,1778102,14941,101714,1322634,11276,1778102,14941
210,09-08-2020,MA,8735,8514,14,221,12054,12054,375,10,60,1198899,16866,26,121040,112459,329,0,149301,99021,0,1763161,7683,101485,1311358,17152,1763161,7683
211,08-08-2020,MA,8721,8500,12,221,12044,12044,386,22,68,1182033,16269,30,120711,112173,420,0,149234,99021,0,1755478,12031,101139,1294206,16589,1755478,12031
212,07-08-2020,MA,8709,8488,18,221,12022,12022,390,15,69,1165764,14420,30,120291,111853,417,0,149046,99021,0,1743447,21888,100383,1277617,14740,1743447,21888
213,06-08-2020,MA,8691,8470,32,221,12007,12007,403,14,73,1151344,11393,32,119874,111533,231,0,148701,99021,0,1721559,23143,99768,1262877,11555,1721559,23143
214,05-08-2020,MA,8659,8438,2,221,11993,11993,396,20,57,1139951,16878,21,119643,111371,440,0,148290,99021,0,1698416,25338,99170,1251322,17216,1698416,25338
215,04-08-2020,MA,8657,8436,9,221,11973,11973,354,31,56,1123073,14878,29,119203,111033,546,0,147889,97595,0,1673078,24389,98298,1234106,15316,1673078,24389
216,03-08-2020,MA,8648,8427,10,221,11942,11942,375,6,64,1108195,12113,24,118657,110595,199,0,147503,97595,0,1648689,26960,97515,1218790,12278,1648689,26960
217,02-08-2020,MA,8638,8417,12,221,11936,11936,406,6,68,1096082,12959,33,118458,110430,418,0,147080,97595,0,1621729,8178,97293,1206512,13312,1621729,8178
218,01-08-2020,MA,8626,8406,17,220,11930,11930,369,22,53,1083123,12305,26,118040,110077,428,0,146945,97595,0,1613551,11055,96964,1193200,12595,1613551,11055
219,31-07-2020,MA,8609,8389,14,220,11908,11908,347,15,58,1070818,18764,28,117612,109787,514,0,146758,97595,0,1602496,21526,96180,1180605,19151,1602496,21526
220,30-07-2020,MA,8595,8375,15,220,11893,11893,367,17,55,1052054,11920,29,117098,109400,414,0,146308,97595,0,1580970,22921,95217,1161454,12224,1580970,22921
221,29-07-2020,MA,8580,8360,29,220,11876,11876,390,21,62,1040134,15200,23,116684,109096,502,0,145779,97595,0,1558049,22042,94348,1149230,15556,1558049,22042
222,28-07-2020,MA,8551,8331,15,220,11855,11855,364,22,54,1024934,9703,27,116182,108740,256,0,145395,96452,0,1536007,25590,93124,1133674,9881,1536007,25590
223,27-07-2020,MA,8536,8317,7,219,11833,11833,350,5,57,1015231,10109,28,115926,108562,289,0,144998,96452,0,1510417,22023,92664,1123793,10291,1510417,22023
224,26-07-2020,MA,8529,8310,19,219,11828,11828,364,15,56,1005122,9507,30,115637,108380,369,0,144566,96452,0,1488394,7350,92459,1113502,9780,1488394,7350
225,25-07-2020,MA,8510,8291,12,219,11813,11813,371,28,50,995615,11120,27,115268,108107,283,0,144440,96452,0,1481044,11377,91756,1103722,11330,1481044,11377
226,24-07-2020,MA,8498,8279,14,219,11785,11785,397,15,49,984495,12890,29,114985,107897,338,0,144243,96452,0,1469667,17274,89569,1092392,13104,1469667,17274
227,23-07-2020,MA,8484,8265,16,219,11770,11770,351,9,59,971605,15863,30,114647,107683,327,0,143913,96452,0,1452393,20211,88712,1079288,16133,1452393,20211
228,22-07-2020,MA,8468,8249,18,219,11761,11761,532,15,63,955742,10594,37,114320,107413,287,0,143566,96452,0,1432182,18328,87346,1063155,10786,1432182,18328
229,21-07-2020,MA,8450,8231,17,219,11746,11746,513,24,63,945148,7656,33,114033,107221,244,0,143238,95390,0,1413854,19710,87006,1052369,7821,1413854,19710
230,20-07-2020,MA,8433,8214,2,219,11722,11722,483,5,67,937492,10491,38,113789,107056,255,0,142899,95390,0,1394144,17430,86433,1044548,10665,1394144,17430
231,19-07-2020,MA,8431,8213,12,218,11717,11717,498,8,64,927001,13406,41,113534,106882,296,0,142539,95390,0,1376714,7616,86165,1033883,13624,1376714,7616
232,18-07-2020,MA,8419,8201,17,218,11709,11709,499,18,86,913595,11887,43,113238,106664,359,0,142431,95390,0,1369098,10959,85623,1020259,12064,1369098,10959
233,17-07-2020,MA,8402,8184,22,218,11691,11691,515,28,76,901708,12605,34,112879,106487,298,0,142262,95390,0,1358139,17990,84539,1008195,12821,1358139,17990
234,16-07-2020,MA,8380,8163,12,217,11663,11663,557,12,77,889103,12737,38,112581,106271,234,0,141964,95390,0,1340149,17586,83598,995374,12880,1340149,17586
235,15-07-2020,MA,8368,8152,28,216,11651,11651,580,26,80,876366,10282,40,112347,106128,217,0,141646,95390,0,1322563,20921,82409,982494,10424,1322563,20921
236,14-07-2020,MA,8340,8125,10,215,11625,11625,560,14,93,866084,11768,37,112130,105986,303,0,141265,94347,0,1301642,20900,81525,972070,11971,1301642,20900
237,13-07-2020,MA,8330,8115,5,215,11611,11611,570,3,89,854316,8433,46,111827,105783,230,0,140951,94347,0,1280742,20035,80888,960099,8587,1280742,20035
238,12-07-2020,MA,8325,8110,15,215,11608,11608,583,8,93,845883,10947,43,111597,105629,199,0,140577,94347,0,1260707,7040,80573,951512,11119,1260707,7040
239,11-07-2020,MA,8310,8095,14,215,11600,11600,572,18,87,834936,7430,44,111398,105457,288,0,140469,94347,0,1253667,10216,80061,940393,7597,1253667,10216
240,10-07-2020,MA,8296,8081,28,215,11582,11582,632,23,98,827506,12642,47,111110,105290,213,0,140318,94347,0,1243451,18260,79073,932796,12794,1243451,18260
241,09-07-2020,MA,8268,8053,25,215,11559,11559,635,42,103,814864,9471,42,110897,105138,295,0,139990,94347,0,1225191,17740,78417,920002,9648,1225191,17740
242,08-07-2020,MA,8243,8028,30,215,11517,11517,662,28,102,805393,8971,49,110602,104961,264,0,139637,94347,0,1207451,19505,77150,910354,9133,1207451,19505
243,07-07-2020,MA,8213,7998,15,215,11489,11489,621,20,104,796422,7142,50,110338,104799,201,0,139336,93157,0,1187946,19712,76090,901221,7282,1187946,19712
244,06-07-2020,MA,8198,7983,15,215,11469,11469,603,6,99,789280,7569,51,110137,104659,163,0,139011,93157,0,1168234,16979,75795,893939,7726,1168234,16979
245,05-07-2020,MA,8183,7968,11,215,11463,11463,636,2,100,781711,5782,46,109974,104502,136,0,138662,93157,0,1151255,6645,75636,886213,5893,1151255,6645
246,04-07-2020,MA,8172,7958,23,214,11461,11461,640,25,107,775929,7777,51,109838,104391,210,0,138527,93157,0,1144610,4277,75302,880320,7940,1144610,4277
247,03-07-2020,MA,8149,7935,17,214,11436,11436,656,44,106,768152,11232,55,109628,104228,290,0,138420,93157,0,1140333,8339,74598,872380,11444,1140333,8339
248,02-07-2020,MA,8132,7918,51,214,11392,11392,681,40,113,756920,7628,52,109338,104016,195,0,138258,93157,0,1131994,13916,73613,860936,7786,1131994,13916
249,01-07-2020,MA,8081,7902,27,179,11352,11352,760,15,123,749292,10033,65,109143,103858,261,0,137915,93157,0,1118078,14528,72752,853150,10190,1118078,14528
250,30-06-2020,MA,8054,7874,-41,180,11337,11337,733,-8,120,739259,5740,63,108882,103701,114,0,137597,93157,0,1103550,16112,71686,842960,5813,1103550,16112
251,29-06-2020,MA,8095,7895,35,200,11345,11345,762,26,138,733519,6392,79,108768,103628,101,0,137252,93157,0,1087438,16112,70768,837147,6481,1087438,16112
252,28-06-2020,MA,8060,7860,19,200,11319,11319,748,9,134,727127,9228,81,108667,103539,224,0,136938,93157,0,1071326,6248,70476,830666,9391,1071326,6248
253,27-06-2020,MA,8041,7841,28,200,11310,11310,769,19,143,717899,11884,90,108443,103376,373,0,136818,93157,0,1065078,7836,69826,821275,12189,1065078,7836
254,26-06-2020,MA,8013,7815,50,198,11291,11291,791,39,156,706015,8396,99,108070,103071,233,0,136627,93157,0,1057242,13231,68259,809086,8545,1057242,13231
255,25-06-2020,MA,7963,7776,25,187,11252,11252,822,33,174,697619,10158,101,107837,102922,226,0,136298,93157,0,1044011,12646,66753,800541,10318,1044011,12646
256,24-06-2020,MA,7938,7752,48,186,11219,11219,939,62,181,687461,7258,98,107611,102762,172,0,135964,91404,0,1031365,13998,65845,790223,7369,1031365,13998
257,23-06-2020,MA,7890,7710,16,180,11157,11157,953,63,181,680203,7350,112,107439,102651,229,0,135621,91404,0,1017367,14067,65313,782854,7532,1017367,14067
258,22-06-2020,MA,7874,7694,16,180,11094,11094,920,9,180,672853,6594,107,107210,102469,149,0,135290,91404,0,1003300,13590,64592,775322,6730,1003300,13590
259,21-06-2020,MA,7858,7677,30,181,11085,11085,927,9,194,666259,8258,111,107061,102333,125,0,134874,91404,0,989710,5228,64266,768592,8363,989710,5228
260,20-06-2020,MA,7828,7647,28,181,11076,11076,964,40,200,658001,13844,118,106936,102228,286,0,134754,91404,0,984482,7208,63736,760229,14067,984482,7208
261,19-06-2020,MA,7800,7619,30,181,11036,11036,994,51,199,644157,9319,124,106650,102005,228,0,134592,91404,0,977274,11621,62591,746162,9471,977274,11621
262,18-06-2020,MA,7770,7591,36,179,10985,10985,968,60,227,634838,8943,125,106422,101853,271,0,134278,91404,0,965653,17340,61085,736691,9142,965653,17340
263,17-06-2020,MA,7734,7568,69,166,10925,10925,998,58,227,625895,8133,135,106151,101654,266,0,133872,88725,0,948313,17892,59940,727549,8313,948313,17892
264,16-06-2020,MA,7665,7508,18,157,10867,10867,1045,50,244,617762,6221,151,105885,101474,195,0,133424,88725,0,930421,13700,58795,719236,6361,930421,13700
265,15-06-2020,MA,7647,7490,23,157,10817,10817,1026,15,253,611541,4434,167,105690,101334,87,0,133033,88725,0,916721,14126,57886,712875,4492,916721,14126
266,14-06-2020,MA,7624,7467,48,157,10802,10802,1039,30,244,607107,8906,156,105603,101276,208,0,132541,88725,0,902595,5039,57582,708383,9112,902595,5039
267,13-06-2020,MA,7576,7420,38,156,10772,10772,1069,46,249,598201,9901,162,105395,101070,336,0,132395,88725,0,897556,6435,57048,699271,10160,897556,6435
268,12-06-2020,MA,7538,7382,46,156,10726,10726,1143,72,276,588300,9879,170,105059,100811,392,0,132202,88725,0,891121,13004,55784,689111,10186,891121,13004
269,11-06-2020,MA,7492,7337,38,155,10654,10654,1260,72,296,578421,10487,181,104667,100504,511,0,131718,88725,0,878117,13081,54574,678925,10833,878117,13081
270,10-06-2020,MA,7454,7300,46,154,10582,10582,1345,75,319,567934,9831,200,104156,100158,267,0,131213,84621,0,865036,13436,53040,668092,10034,865036,13436
271,09-06-2020,MA,7408,7255,55,153,10507,10507,1397,82,315,558103,4460,202,103889,99955,263,0,130653,84621,0,851600,14355,52144,658058,4660,851600,14355
272,08-06-2020,MA,7353,7217,37,136,10425,10425,1415,32,322,553643,4589,209,103626,99755,190,0,130010,84621,0,837245,13946,51404,653398,4782,837245,13946
273,07-06-2020,MA,7316,7179,27,137,10393,10393,1442,24,335,549054,7547,221,103436,99562,304,0,129333,84621,0,823299,4975,51146,648616,7808,823299,4975
274,06-06-2020,MA,7289,7152,54,137,10369,10369,1529,66,359,541507,9295,238,103132,99301,575,0,129081,84621,0,818324,6265,50575,640808,9800,818324,6265
275,05-06-2020,MA,7235,7097,34,138,10303,10303,1533,65,350,532212,9340,238,102557,98796,494,0,128793,84621,0,812059,11524,49556,631008,9760,812059,11524
276,04-06-2020,MA,7201,7062,49,139,10238,10238,1637,87,401,522872,6703,249,102063,98376,471,0,128133,84621,0,800535,12024,48436,621248,7115,800535,12024
277,03-06-2020,MA,7152,7012,67,140,10151,10151,1684,88,393,516169,7937,263,101592,97964,429,0,127383,78108,0,788511,13111,47414,614133,8362,788511,13111
278,02-06-2020,MA,7085,6944,50,141,10063,10063,1657,111,394,508232,5604,269,101163,97539,358,0,126513,78108,0,775400,13074,46565,605771,5852,775400,13074
279,01-06-2020,MA,7035,6894,189,141,9952,9952,1747,129,404,502628,6740,289,100805,97291,3840,0,125632,78108,0,762326,12892,0,599919,7066,762326,12892
280,31-05-2020,MA,6846,6846,78,0,9823,9823,1824,34,436,495888,9670,0,96965,96965,664,0,124696,78108,0,749434,5062,0,592853,10334,749434,5062
281,30-05-2020,MA,6768,6768,50,0,9789,9789,1904,64,453,486218,9985,0,96301,96301,789,0,124398,78108,0,744372,7555,0,582519,10774,744372,7555
282,29-05-2020,MA,6718,6718,78,0,9725,9725,1991,107,485,476233,8805,0,95512,95512,617,0,123935,78108,0,736817,13476,0,571745,9422,736817,13476
283,28-05-2020,MA,6640,6640,93,0,9618,9618,2112,126,529,467428,9504,0,94895,94895,675,0,122913,78108,0,723341,12813,0,562323,16842,723341,12813
284,27-05-2020,MA,6547,6473,74,0,9492,9492,2106,104,556,457924,6136,0,94220,93693,527,0,121749,0,0,710528,13943,0,545481,0,710528,13943
285,26-05-2020,MA,6473,6473,57,0,9388,9388,2108,49,560,451788,4498,0,93693,93693,422,0,120525,0,0,696585,15436,0,545481,4920,696585,15436
286,25-05-2020,MA,6416,6416,44,0,9339,9339,2132,31,576,447290,7592,0,93271,93271,596,0,118983,0,0,681149,4566,0,540561,8188,681149,4566
287,24-05-2020,MA,6372,6372,68,0,9308,9308,2169,48,558,439698,10374,0,92675,92675,1013,0,118601,0,0,676583,5559,0,532373,11387,676583,5559
288,23-05-2020,MA,6304,6304,76,0,9260,9260,2237,98,610,429324,8569,0,91662,91662,773,0,118092,0,0,671024,6712,0,520986,9342,671024,6712
289,22-05-2020,MA,6228,6228,80,0,9162,9162,2323,122,628,420755,9353,0,90889,90889,805,0,117464,0,0,664312,14811,0,511644,10158,664312,14811
290,21-05-2020,MA,6148,6148,82,0,9040,9040,2396,143,647,411402,10419,0,90084,90084,1114,0,115960,0,0,649501,15944,0,501486,11533,649501,15944
291,20-05-2020,MA,6066,6066,128,0,8897,8897,2518,131,675,400983,11968,0,88970,88970,1045,0,114290,0,0,633557,16910,0,489953,13013,633557,16910
292,19-05-2020,MA,5938,5938,76,0,8766,8766,2472,145,672,389015,6868,0,87925,87925,873,0,112611,0,0,616647,16689,0,476940,7741,616647,16689
293,18-05-2020,MA,5862,5862,65,0,8621,8621,2533,82,674,382147,7331,0,87052,87052,1042,0,110751,0,0,599958,17590,0,469199,8373,599958,17590
294,17-05-2020,MA,5797,5797,92,0,8539,8539,2597,83,702,374816,11660,0,86010,86010,1077,0,108607,0,0,582368,5855,0,460826,12737,582368,5855
295,16-05-2020,MA,5705,5705,113,0,8456,8456,2692,142,747,363156,10898,0,84933,84933,1512,0,108011,0,0,576513,9340,0,448089,12410,576513,9340
296,15-05-2020,MA,5592,5592,110,0,8314,8314,2767,107,749,352258,10079,0,83421,83421,1239,0,106978,0,0,567173,17768,0,435679,25647,567173,17768
297,14-05-2020,MA,5482,5382,167,0,8207,8207,2859,175,781,342179,12644,0,82182,82182,1685,0,105126,0,0,549405,17377,0,410032,8536,549405,17377
298,13-05-2020,MA,5315,5315,174,0,8032,8032,3101,190,794,329535,7371,0,80497,80497,1165,0,103043,0,0,532028,17922,0,401496,401496,532028,17922
299,12-05-2020,MA,5141,5141,33,0,7842,7842,3127,110,818,322164,5898,0,79332,79332,870,0,100934,0,0,514106,17359,0,0,0,514106,17359
300,11-05-2020,MA,5108,5108,129,0,7732,7732,3102,115,813,316266,5670,0,78462,78462,669,0,98664,0,0,496747,15642,0,0,0,496747,15642
301,10-05-2020,MA,4979,4979,139,0,7617,7617,3128,66,810,310596,10802,0,77793,77793,1050,0,96540,0,0,481105,4559,0,0,0,481105,4559
302,09-05-2020,MA,4840,4840,138,0,7551,7551,3229,117,814,299794,9104,0,76743,76743,1410,0,95866,0,0,476546,7688,0,0,0,476546,7688
303,08-05-2020,MA,4702,4702,150,0,7434,7434,3349,197,826,290690,12779,0,75333,75333,1612,0,94841,0,0,468858,16945,0,0,0,468858,16945
304,07-05-2020,MA,4552,4552,132,0,7237,7237,3436,157,852,277911,10297,0,73721,73721,1696,0,92617,0,0,451913,17091,0,0,0,451913,17091
305,06-05-2020,MA,4420,4420,208,0,7080,7080,3564,249,922,267614,4536,0,72025,72025,1754,0,90148,0,0,434822,16685,0,0,0,434822,16685
306,05-05-2020,MA,4212,4212,122,0,6831,6831,3542,209,914,263078,7897,0,70271,70271,1184,0,87665,0,0,418137,16013,0,0,0,418137,16013
307,04-05-2020,MA,4090,4090,86,0,6622,6622,3539,115,908,255181,8622,0,69087,69087,1000,0,85160,0,0,402124,15444,0,0,0,402124,15444
308,03-05-2020,MA,4004,4004,158,0,6507,6507,3617,129,904,246559,13828,0,68087,68087,1824,0,82450,0,0,386680,6462,0,0,0,386680,6462
309,02-05-2020,MA,3846,0,130,0,6378,6378,3601,209,921,232731,7406,0,66263,66263,1952,0,81449,0,0,380218,9197,0,0,0,380218,9197
310,01-05-2020,MA,3716,0,154,0,6169,6169,3716,227,947,225325,11883,0,64311,64311,2106,0,80037,0,0,371021,17290,0,0,0,371021,17290
311,30-04-2020,MA,3562,0,157,0,5942,5942,3803,184,1001,213442,8089,0,62205,62205,1940,0,77305,0,0,353731,16874,0,0,0,353731,16874
312,29-04-2020,MA,3405,0,252,0,5758,5758,3856,243,1011,205353,9155,0,60265,60265,1963,0,74600,0,0,336857,15514,0,0,0,336857,15514
313,28-04-2020,MA,3153,0,150,0,5515,5515,3875,278,1005,196198,7773,0,58302,58302,1840,0,71775,0,0,321343,15275,0,0,0,321343,15275
314,27-04-2020,MA,3003,0,104,0,5237,5237,3892,133,1089,188425,7263,0,56462,56462,1524,0,69008,0,0,306068,13795,0,0,0,306068,13795
315,26-04-2020,MA,2899,0,22,0,5104,5104,3879,139,1077,181162,7665,0,54938,54938,1590,0,66238,0,0,292273,6208,0,0,0,292273,6208
316,25-04-2020,MA,2877,0,0,0,4965,4965,3879,213,1058,173497,24444,0,53348,53348,7325,0,65072,0,0,286065,10266,0,0,0,286065,10266
317,24-04-2020,MA,2877,0,108,0,4752,4752,3847,259,1034,149053,0,0,46023,46023,0,0,63242,0,0,275799,14903,0,0,0,275799,14903
318,23-04-2020,MA,2769,0,172,0,4493,4493,3851,237,1034,149053,11535,0,46023,46023,3079,0,60424,0,0,260896,13425,0,0,0,260896,13425
319,22-04-2020,MA,2597,0,148,0,4256,4256,3890,247,1050,137518,3345,0,42944,42944,1745,0,57491,0,0,247471,15397,0,0,0,247471,15397
320,21-04-2020,MA,2449,0,146,0,4009,4009,3977,137,1040,134173,10009,0,41199,41199,3122,0,54261,0,0,232074,11823,0,0,0,232074,11823
321,20-04-2020,MA,2303,0,157,0,3872,3872,3872,83,987,124164,0,0,38077,38077,0,0,51550,0,0,220251,12963,0,0,0,220251,12963
322,19-04-2020,MA,2146,0,163,0,3789,3789,3789,61,987,124164,3730,0,38077,38077,1705,0,48441,0,0,207288,5596,0,0,0,207288,5596
323,18-04-2020,MA,1983,0,161,0,3728,3728,3728,-28,987,120434,6092,0,36372,36372,1970,0,47174,0,0,201692,7478,0,0,0,201692,7478
324,17-04-2020,MA,1822,0,155,0,3756,3756,3756,30,987,114342,5750,0,34402,34402,2221,0,45466,0,0,194214,13125,0,0,0,194214,13125
325,16-04-2020,MA,1667,0,165,0,3726,3726,3726,89,973,108592,6487,0,32181,32181,2263,0,42142,0,0,181089,10706,0,0,0,181089,10706
326,15-04-2020,MA,1502,0,173,0,3637,3637,3637,21,973,102105,3717,0,29918,29918,1755,0,39345,0,0,170383,11653,0,0,0,170383,11653
327,14-04-2020,MA,1329,0,118,0,3616,3616,3616,131,0,98388,3206,0,28163,28163,1296,0,36432,0,0,158730,11345,0,0,0,158730,11345
328,13-04-2020,MA,1211,0,155,0,3485,3485,3485,971,0,95182,3927,0,26867,26867,1392,0,33218,0,0,147385,7504,0,0,0,147385,7504
329,12-04-2020,MA,1056,0,110,0,2514,2514,2514,7,0,91255,5339,0,25475,25475,2615,0,30955,0,0,139881,3802,0,0,0,139881,3802
330,11-04-2020,MA,946,0,114,0,2507,2507,2507,72,0,85916,4518,0,22860,22860,1886,0,29883,0,0,136079,5306,0,0,0,136079,5306
331,10-04-2020,MA,832,0,107,0,2435,2435,2435,133,0,81398,5381,0,20974,20974,2033,0,28410,0,0,130773,8851,0,0,0,130773,8851
332,09-04-2020,MA,725,0,110,0,2302,2302,2302,183,0,76017,5296,0,18941,18941,2151,0,26096,0,0,121922,7775,0,0,0,121922,7775
333,08-04-2020,MA,615,0,100,0,2119,2119,2119,288,0,70721,4579,0,16790,16790,1588,0,23820,0,0,114147,7958,0,0,0,114147,7958
334,07-04-2020,MA,515,0,67,0,1831,1831,1831,164,0,66142,3550,0,15202,15202,1365,0,21713,0,0,106189,7622,0,0,0,106189,7622
335,06-04-2020,MA,448,0,78,0,1667,1667,1667,35,0,62592,3155,0,13837,13837,1337,0,19472,0,0,98567,7580,0,0,0,98567,7580
336,05-04-2020,MA,370,0,66,0,1632,1632,1632,262,0,59437,2373,0,12500,12500,764,0,17371,0,0,90987,4102,0,0,0,90987,4102
337,04-04-2020,MA,304,0,39,0,1370,1370,1370,404,0,57064,4504,0,11736,11736,1334,0,16294,0,0,86885,4744,0,0,0,86885,4744
338,03-04-2020,MA,265,0,36,0,966,966,0,153,0,52560,4918,0,10402,10402,1436,0,14972,0,0,82141,6567,0,0,0,82141,6567
339,02-04-2020,MA,229,0,42,0,813,813,0,131,0,47642,3642,0,8966,8966,1228,0,13347,0,0,75574,6004,0,0,0,75574,6004
340,01-04-2020,MA,187,0,34,0,682,682,0,120,0,44000,3685,0,7738,7738,1118,0,11943,0,0,69570,5576,0,0,0,69570,5576
341,31-03-2020,MA,153,0,29,0,562,562,0,109,0,40315,3274,0,6620,6620,868,0,10520,0,0,63994,5930,0,0,0,63994,5930
342,30-03-2020,MA,124,0,25,0,453,453,0,54,0,37041,2930,0,5752,5752,797,0,9117,0,0,58064,5581,0,0,0,58064,5581
343,29-03-2020,MA,99,0,27,0,399,399,0,49,0,34111,3319,0,4955,4955,698,0,7800,0,0,52483,2473,0,0,0,52483,2473
344,28-03-2020,MA,72,0,15,0,350,350,0,131,0,30792,4661,0,4257,4257,1017,0,7224,0,0,50010,3202,0,0,0,50010,3202
345,27-03-2020,MA,57,0,15,0,219,219,0,0,0,26131,4927,0,3240,3240,823,0,6520,0,0,46808,4815,0,0,0,46808,4815
346,26-03-2020,MA,42,0,9,0,219,219,0,116,0,21204,3248,0,2417,2417,579,0,5513,0,0,41993,4836,0,0,0,41993,4836
347,25-03-2020,MA,33,0,7,0,103,103,0,9,0,17956,5366,0,1838,1838,679,0,4529,0,0,37157,4484,0,0,0,37157,4484
348,24-03-2020,MA,26,0,9,0,94,94,0,15,0,12590,4445,0,1159,1159,382,0,3737,0,0,32673,4319,0,0,0,32673,4319
349,23-03-2020,MA,17,0,6,0,79,79,0,8,0,8145,2686,0,777,777,131,0,2999,0,0,28354,4097,0,0,0,28354,4097
350,22-03-2020,MA,11,0,4,0,71,71,0,10,0,5459,707,0,646,646,121,0,2367,0,0,24257,2102,0,0,0,24257,2102
351,21-03-2020,MA,7,0,2,0,61,61,0,61,0,4752,1074,0,525,525,112,0,2069,0,0,22155,2771,0,0,0,22155,2771
